Song,Artist
The Carnegie Hall Concert,Alice Coltrane
Tigers Blood,Waxahatchee
Glasgow Eyes,The Jesus and Mary Chain
LVL5 P2,Bktherula
Bright Future,Adrianne Lenker
Painting With John (Music From the Original TV Series),John Lurie
Princ​€​ss,Princ​€​ss
Blue Angeles,Haux
Everything I Thought It Was,Justin Timberlake
Deep Sage,Gouge Away
"The ADDENDUM - i was mature for my age, but i was still a child",grouptherapy.
"Fine Ho, Stay",Flo Milli
The Carnegie Hall Concert,Alice Coltrane
Tigers Blood,Waxahatchee
Glasgow Eyes,The Jesus and Mary Chain
LVL5 P2,Bktherula
Bright Future,Adrianne Lenker
Painting With John (Music From the Original TV Series),John Lurie
Princ​€​ss,Princ​€​ss
Blue Angeles,Haux
Everything I Thought It Was,Justin Timberlake
Deep Sage,Gouge Away
"The ADDENDUM - i was mature for my age, but i was still a child",grouptherapy.
"Fine Ho, Stay",Flo Milli
The Carnegie Hall Concert,Alice Coltrane
Tigers Blood,Waxahatchee
Glasgow Eyes,The Jesus and Mary Chain
LVL5 P2,Bktherula
Bright Future,Adrianne Lenker
Painting With John (Music From the Original TV Series),John Lurie
Princ​€​ss,Princ​€​ss
Blue Angeles,Haux
Everything I Thought It Was,Justin Timberlake
Deep Sage,Gouge Away
"The ADDENDUM - i was mature for my age, but i was still a child",grouptherapy.
"Fine Ho, Stay",Flo Milli
The Carnegie Hall Concert,Alice Coltrane
Tigers Blood,Waxahatchee
Glasgow Eyes,The Jesus and Mary Chain
LVL5 P2,Bktherula
Bright Future,Adrianne Lenker
Painting With John (Music From the Original TV Series),John Lurie
Princ​€​ss,Princ​€​ss
Blue Angeles,Haux
Everything I Thought It Was,Justin Timberlake
Deep Sage,Gouge Away
"The ADDENDUM - i was mature for my age, but i was still a child",grouptherapy.
"Fine Ho, Stay",Flo Milli
The Carnegie Hall Concert,Alice Coltrane
Tigers Blood,Waxahatchee
Glasgow Eyes,The Jesus and Mary Chain
LVL5 P2,Bktherula
Bright Future,Adrianne Lenker
Painting With John (Music From the Original TV Series),John Lurie
Princ​€​ss,Princ​€​ss
Blue Angeles,Haux
Everything I Thought It Was,Justin Timberlake
Deep Sage,Gouge Away
"The ADDENDUM - i was mature for my age, but i was still a child",grouptherapy.
"Fine Ho, Stay",Flo Milli
The Carnegie Hall Concert,Alice Coltrane
Tigers Blood,Waxahatchee
Glasgow Eyes,The Jesus and Mary Chain
LVL5 P2,Bktherula
Bright Future,Adrianne Lenker
Painting With John (Music From the Original TV Series),John Lurie
Princ​€​ss,Princ​€​ss
Blue Angeles,Haux
Everything I Thought It Was,Justin Timberlake
Deep Sage,Gouge Away
"The ADDENDUM - i was mature for my age, but i was still a child",grouptherapy.
"Fine Ho, Stay",Flo Milli
The Carnegie Hall Concert,Alice Coltrane
Tigers Blood,Waxahatchee
Glasgow Eyes,The Jesus and Mary Chain
LVL5 P2,Bktherula
Bright Future,Adrianne Lenker
Painting With John (Music From the Original TV Series),John Lurie
Princ​€​ss,Princ​€​ss
Blue Angeles,Haux
Everything I Thought It Was,Justin Timberlake
Deep Sage,Gouge Away
"The ADDENDUM - i was mature for my age, but i was still a child",grouptherapy.
"Fine Ho, Stay",Flo Milli
The Carnegie Hall Concert,Alice Coltrane
Tigers Blood,Waxahatchee
Glasgow Eyes,The Jesus and Mary Chain
LVL5 P2,Bktherula
Bright Future,Adrianne Lenker
Painting With John (Music From the Original TV Series),John Lurie
Princ​€​ss,Princ​€​ss
Blue Angeles,Haux
Everything I Thought It Was,Justin Timberlake
Deep Sage,Gouge Away
"The ADDENDUM - i was mature for my age, but i was still a child",grouptherapy.
"Fine Ho, Stay",Flo Milli
The Carnegie Hall Concert,Alice Coltrane
Tigers Blood,Waxahatchee
Glasgow Eyes,The Jesus and Mary Chain
LVL5 P2,Bktherula
Bright Future,Adrianne Lenker
Painting With John (Music From the Original TV Series),John Lurie
Princ​€​ss,Princ​€​ss
Blue Angeles,Haux
Everything I Thought It Was,Justin Timberlake
Deep Sage,Gouge Away
"The ADDENDUM - i was mature for my age, but i was still a child",grouptherapy.
"Fine Ho, Stay",Flo Milli
The Carnegie Hall Concert,Alice Coltrane
Tigers Blood,Waxahatchee
Glasgow Eyes,The Jesus and Mary Chain
LVL5 P2,Bktherula
Bright Future,Adrianne Lenker
Painting With John (Music From the Original TV Series),John Lurie
Princ​€​ss,Princ​€​ss
Blue Angeles,Haux
Everything I Thought It Was,Justin Timberlake
Deep Sage,Gouge Away
"The ADDENDUM - i was mature for my age, but i was still a child",grouptherapy.
"Fine Ho, Stay",Flo Milli
The Carnegie Hall Concert,Alice Coltrane
Tigers Blood,Waxahatchee
Glasgow Eyes,The Jesus and Mary Chain
LVL5 P2,Bktherula
Bright Future,Adrianne Lenker
Painting With John (Music From the Original TV Series),John Lurie
Princ​€​ss,Princ​€​ss
Blue Angeles,Haux
Everything I Thought It Was,Justin Timberlake
Deep Sage,Gouge Away
"The ADDENDUM - i was mature for my age, but i was still a child",grouptherapy.
"Fine Ho, Stay",Flo Milli
The Carnegie Hall Concert,Alice Coltrane
Tigers Blood,Waxahatchee
Glasgow Eyes,The Jesus and Mary Chain
LVL5 P2,Bktherula
Bright Future,Adrianne Lenker
Painting With John (Music From the Original TV Series),John Lurie
Princ​€​ss,Princ​€​ss
Blue Angeles,Haux
Everything I Thought It Was,Justin Timberlake
Deep Sage,Gouge Away
"The ADDENDUM - i was mature for my age, but i was still a child",grouptherapy.
"Fine Ho, Stay",Flo Milli
The Carnegie Hall Concert,Alice Coltrane
Tigers Blood,Waxahatchee
Glasgow Eyes,The Jesus and Mary Chain
LVL5 P2,Bktherula
Bright Future,Adrianne Lenker
Painting With John (Music From the Original TV Series),John Lurie
Princ​€​ss,Princ​€​ss
Blue Angeles,Haux
Everything I Thought It Was,Justin Timberlake
Deep Sage,Gouge Away
"The ADDENDUM - i was mature for my age, but i was still a child",grouptherapy.
"Fine Ho, Stay",Flo Milli
The Carnegie Hall Concert,Alice Coltrane
Tigers Blood,Waxahatchee
Glasgow Eyes,The Jesus and Mary Chain
LVL5 P2,Bktherula
Bright Future,Adrianne Lenker
Painting With John (Music From the Original TV Series),John Lurie
Princ​€​ss,Princ​€​ss
Blue Angeles,Haux
Everything I Thought It Was,Justin Timberlake
Deep Sage,Gouge Away
"The ADDENDUM - i was mature for my age, but i was still a child",grouptherapy.
"Fine Ho, Stay",Flo Milli
The Carnegie Hall Concert,Alice Coltrane
Tigers Blood,Waxahatchee
Glasgow Eyes,The Jesus and Mary Chain
LVL5 P2,Bktherula
Bright Future,Adrianne Lenker
Painting With John (Music From the Original TV Series),John Lurie
Princ​€​ss,Princ​€​ss
Blue Angeles,Haux
Everything I Thought It Was,Justin Timberlake
Deep Sage,Gouge Away
"The ADDENDUM - i was mature for my age, but i was still a child",grouptherapy.
"Fine Ho, Stay",Flo Milli
The Carnegie Hall Concert,Alice Coltrane
Tigers Blood,Waxahatchee
Glasgow Eyes,The Jesus and Mary Chain
LVL5 P2,Bktherula
Bright Future,Adrianne Lenker
Painting With John (Music From the Original TV Series),John Lurie
Princ​€​ss,Princ​€​ss
Blue Angeles,Haux
Everything I Thought It Was,Justin Timberlake
Deep Sage,Gouge Away
"The ADDENDUM - i was mature for my age, but i was still a child",grouptherapy.
"Fine Ho, Stay",Flo Milli
The Carnegie Hall Concert,Alice Coltrane
Tigers Blood,Waxahatchee
Glasgow Eyes,The Jesus and Mary Chain
LVL5 P2,Bktherula
Bright Future,Adrianne Lenker
Painting With John (Music From the Original TV Series),John Lurie
Princ​€​ss,Princ​€​ss
Blue Angeles,Haux
Everything I Thought It Was,Justin Timberlake
Deep Sage,Gouge Away
"The ADDENDUM - i was mature for my age, but i was still a child",grouptherapy.
"Fine Ho, Stay",Flo Milli
The Carnegie Hall Concert,Alice Coltrane
Tigers Blood,Waxahatchee
Glasgow Eyes,The Jesus and Mary Chain
LVL5 P2,Bktherula
Bright Future,Adrianne Lenker
Painting With John (Music From the Original TV Series),John Lurie
Princ​€​ss,Princ​€​ss
Blue Angeles,Haux
Everything I Thought It Was,Justin Timberlake
Deep Sage,Gouge Away
"The ADDENDUM - i was mature for my age, but i was still a child",grouptherapy.
"Fine Ho, Stay",Flo Milli
The Carnegie Hall Concert,Alice Coltrane
Tigers Blood,Waxahatchee
Glasgow Eyes,The Jesus and Mary Chain
LVL5 P2,Bktherula
Bright Future,Adrianne Lenker
Painting With John (Music From the Original TV Series),John Lurie
Princ​€​ss,Princ​€​ss
Blue Angeles,Haux
Everything I Thought It Was,Justin Timberlake
Deep Sage,Gouge Away
"The ADDENDUM - i was mature for my age, but i was still a child",grouptherapy.
"Fine Ho, Stay",Flo Milli
The Carnegie Hall Concert,Alice Coltrane
Tigers Blood,Waxahatchee
Glasgow Eyes,The Jesus and Mary Chain
LVL5 P2,Bktherula
Bright Future,Adrianne Lenker
Painting With John (Music From the Original TV Series),John Lurie
Princ​€​ss,Princ​€​ss
Blue Angeles,Haux
Everything I Thought It Was,Justin Timberlake
Deep Sage,Gouge Away
"The ADDENDUM - i was mature for my age, but i was still a child",grouptherapy.
"Fine Ho, Stay",Flo Milli
The Carnegie Hall Concert,Alice Coltrane
Tigers Blood,Waxahatchee
Glasgow Eyes,The Jesus and Mary Chain
LVL5 P2,Bktherula
Bright Future,Adrianne Lenker
Painting With John (Music From the Original TV Series),John Lurie
Princ​€​ss,Princ​€​ss
Blue Angeles,Haux
Everything I Thought It Was,Justin Timberlake
Deep Sage,Gouge Away
"The ADDENDUM - i was mature for my age, but i was still a child",grouptherapy.
"Fine Ho, Stay",Flo Milli
The Carnegie Hall Concert,Alice Coltrane
Tigers Blood,Waxahatchee
Glasgow Eyes,The Jesus and Mary Chain
LVL5 P2,Bktherula
Bright Future,Adrianne Lenker
Painting With John (Music From the Original TV Series),John Lurie
Princ​€​ss,Princ​€​ss
Blue Angeles,Haux
Everything I Thought It Was,Justin Timberlake
Deep Sage,Gouge Away
"The ADDENDUM - i was mature for my age, but i was still a child",grouptherapy.
"Fine Ho, Stay",Flo Milli
The Carnegie Hall Concert,Alice Coltrane
Tigers Blood,Waxahatchee
Glasgow Eyes,The Jesus and Mary Chain
LVL5 P2,Bktherula
Bright Future,Adrianne Lenker
Painting With John (Music From the Original TV Series),John Lurie
Princ​€​ss,Princ​€​ss
Blue Angeles,Haux
Everything I Thought It Was,Justin Timberlake
Deep Sage,Gouge Away
"The ADDENDUM - i was mature for my age, but i was still a child",grouptherapy.
"Fine Ho, Stay",Flo Milli
The Carnegie Hall Concert,Alice Coltrane
Tigers Blood,Waxahatchee
Glasgow Eyes,The Jesus and Mary Chain
LVL5 P2,Bktherula
Bright Future,Adrianne Lenker
Painting With John (Music From the Original TV Series),John Lurie
Princ​€​ss,Princ​€​ss
Blue Angeles,Haux
Everything I Thought It Was,Justin Timberlake
Deep Sage,Gouge Away
"The ADDENDUM - i was mature for my age, but i was still a child",grouptherapy.
"Fine Ho, Stay",Flo Milli
The Carnegie Hall Concert,Alice Coltrane
Tigers Blood,Waxahatchee
Glasgow Eyes,The Jesus and Mary Chain
LVL5 P2,Bktherula
Bright Future,Adrianne Lenker
Painting With John (Music From the Original TV Series),John Lurie
Princ​€​ss,Princ​€​ss
Blue Angeles,Haux
Everything I Thought It Was,Justin Timberlake
Deep Sage,Gouge Away
"The ADDENDUM - i was mature for my age, but i was still a child",grouptherapy.
"Fine Ho, Stay",Flo Milli
The Carnegie Hall Concert,Alice Coltrane
Tigers Blood,Waxahatchee
Glasgow Eyes,The Jesus and Mary Chain
LVL5 P2,Bktherula
Bright Future,Adrianne Lenker
Painting With John (Music From the Original TV Series),John Lurie
Princ​€​ss,Princ​€​ss
Blue Angeles,Haux
Everything I Thought It Was,Justin Timberlake
Deep Sage,Gouge Away
"The ADDENDUM - i was mature for my age, but i was still a child",grouptherapy.
"Fine Ho, Stay",Flo Milli
The Carnegie Hall Concert,Alice Coltrane
Tigers Blood,Waxahatchee
Glasgow Eyes,The Jesus and Mary Chain
LVL5 P2,Bktherula
Bright Future,Adrianne Lenker
Painting With John (Music From the Original TV Series),John Lurie
Princ​€​ss,Princ​€​ss
Blue Angeles,Haux
Everything I Thought It Was,Justin Timberlake
Deep Sage,Gouge Away
"The ADDENDUM - i was mature for my age, but i was still a child",grouptherapy.
"Fine Ho, Stay",Flo Milli
The Carnegie Hall Concert,Alice Coltrane
Tigers Blood,Waxahatchee
Glasgow Eyes,The Jesus and Mary Chain
LVL5 P2,Bktherula
Bright Future,Adrianne Lenker
Painting With John (Music From the Original TV Series),John Lurie
Princ​€​ss,Princ​€​ss
Blue Angeles,Haux
Everything I Thought It Was,Justin Timberlake
Deep Sage,Gouge Away
"The ADDENDUM - i was mature for my age, but i was still a child",grouptherapy.
"Fine Ho, Stay",Flo Milli
The Carnegie Hall Concert,Alice Coltrane
Tigers Blood,Waxahatchee
Glasgow Eyes,The Jesus and Mary Chain
LVL5 P2,Bktherula
Bright Future,Adrianne Lenker
Painting With John (Music From the Original TV Series),John Lurie
Princ​€​ss,Princ​€​ss
Blue Angeles,Haux
Everything I Thought It Was,Justin Timberlake
Deep Sage,Gouge Away
"The ADDENDUM - i was mature for my age, but i was still a child",grouptherapy.
"Fine Ho, Stay",Flo Milli
The Carnegie Hall Concert,Alice Coltrane
Tigers Blood,Waxahatchee
Glasgow Eyes,The Jesus and Mary Chain
LVL5 P2,Bktherula
Bright Future,Adrianne Lenker
Painting With John (Music From the Original TV Series),John Lurie
Princ​€​ss,Princ​€​ss
Blue Angeles,Haux
Everything I Thought It Was,Justin Timberlake
Deep Sage,Gouge Away
"The ADDENDUM - i was mature for my age, but i was still a child",grouptherapy.
"Fine Ho, Stay",Flo Milli
The Carnegie Hall Concert,Alice Coltrane
Tigers Blood,Waxahatchee
Glasgow Eyes,The Jesus and Mary Chain
LVL5 P2,Bktherula
Bright Future,Adrianne Lenker
Painting With John (Music From the Original TV Series),John Lurie
Princ​€​ss,Princ​€​ss
Blue Angeles,Haux
Everything I Thought It Was,Justin Timberlake
Deep Sage,Gouge Away
"The ADDENDUM - i was mature for my age, but i was still a child",grouptherapy.
"Fine Ho, Stay",Flo Milli
The Carnegie Hall Concert,Alice Coltrane
Tigers Blood,Waxahatchee
Glasgow Eyes,The Jesus and Mary Chain
LVL5 P2,Bktherula
Bright Future,Adrianne Lenker
Painting With John (Music From the Original TV Series),John Lurie
Princ​€​ss,Princ​€​ss
Blue Angeles,Haux
Everything I Thought It Was,Justin Timberlake
Deep Sage,Gouge Away
"The ADDENDUM - i was mature for my age, but i was still a child",grouptherapy.
"Fine Ho, Stay",Flo Milli
The Carnegie Hall Concert,Alice Coltrane
Tigers Blood,Waxahatchee
Glasgow Eyes,The Jesus and Mary Chain
LVL5 P2,Bktherula
Bright Future,Adrianne Lenker
Painting With John (Music From the Original TV Series),John Lurie
Princ​€​ss,Princ​€​ss
Blue Angeles,Haux
Everything I Thought It Was,Justin Timberlake
Deep Sage,Gouge Away
"The ADDENDUM - i was mature for my age, but i was still a child",grouptherapy.
"Fine Ho, Stay",Flo Milli
The Carnegie Hall Concert,Alice Coltrane
Tigers Blood,Waxahatchee
Glasgow Eyes,The Jesus and Mary Chain
LVL5 P2,Bktherula
Bright Future,Adrianne Lenker
Painting With John (Music From the Original TV Series),John Lurie
Princ​€​ss,Princ​€​ss
Blue Angeles,Haux
Everything I Thought It Was,Justin Timberlake
Deep Sage,Gouge Away
"The ADDENDUM - i was mature for my age, but i was still a child",grouptherapy.
"Fine Ho, Stay",Flo Milli
The Carnegie Hall Concert,Alice Coltrane
Tigers Blood,Waxahatchee
Glasgow Eyes,The Jesus and Mary Chain
LVL5 P2,Bktherula
Bright Future,Adrianne Lenker
Painting With John (Music From the Original TV Series),John Lurie
Princ​€​ss,Princ​€​ss
Blue Angeles,Haux
Everything I Thought It Was,Justin Timberlake
Deep Sage,Gouge Away
"The ADDENDUM - i was mature for my age, but i was still a child",grouptherapy.
"Fine Ho, Stay",Flo Milli
The Carnegie Hall Concert,Alice Coltrane
Tigers Blood,Waxahatchee
Glasgow Eyes,The Jesus and Mary Chain
LVL5 P2,Bktherula
Bright Future,Adrianne Lenker
Painting With John (Music From the Original TV Series),John Lurie
Princ​€​ss,Princ​€​ss
Blue Angeles,Haux
Everything I Thought It Was,Justin Timberlake
Deep Sage,Gouge Away
"The ADDENDUM - i was mature for my age, but i was still a child",grouptherapy.
"Fine Ho, Stay",Flo Milli
The Carnegie Hall Concert,Alice Coltrane
Tigers Blood,Waxahatchee
Glasgow Eyes,The Jesus and Mary Chain
LVL5 P2,Bktherula
Bright Future,Adrianne Lenker
Painting With John (Music From the Original TV Series),John Lurie
Princ​€​ss,Princ​€​ss
Blue Angeles,Haux
Everything I Thought It Was,Justin Timberlake
Deep Sage,Gouge Away
"The ADDENDUM - i was mature for my age, but i was still a child",grouptherapy.
"Fine Ho, Stay",Flo Milli
The Carnegie Hall Concert,Alice Coltrane
Tigers Blood,Waxahatchee
Glasgow Eyes,The Jesus and Mary Chain
LVL5 P2,Bktherula
Bright Future,Adrianne Lenker
Painting With John (Music From the Original TV Series),John Lurie
Princ​€​ss,Princ​€​ss
Blue Angeles,Haux
Everything I Thought It Was,Justin Timberlake
Deep Sage,Gouge Away
"The ADDENDUM - i was mature for my age, but i was still a child",grouptherapy.
"Fine Ho, Stay",Flo Milli
The Carnegie Hall Concert,Alice Coltrane
Tigers Blood,Waxahatchee
Glasgow Eyes,The Jesus and Mary Chain
LVL5 P2,Bktherula
Bright Future,Adrianne Lenker
Painting With John (Music From the Original TV Series),John Lurie
Princ​€​ss,Princ​€​ss
Blue Angeles,Haux
Everything I Thought It Was,Justin Timberlake
Deep Sage,Gouge Away
"The ADDENDUM - i was mature for my age, but i was still a child",grouptherapy.
"Fine Ho, Stay",Flo Milli
The Carnegie Hall Concert,Alice Coltrane
Tigers Blood,Waxahatchee
Glasgow Eyes,The Jesus and Mary Chain
LVL5 P2,Bktherula
Bright Future,Adrianne Lenker
Painting With John (Music From the Original TV Series),John Lurie
Princ​€​ss,Princ​€​ss
Blue Angeles,Haux
Everything I Thought It Was,Justin Timberlake
Deep Sage,Gouge Away
"The ADDENDUM - i was mature for my age, but i was still a child",grouptherapy.
"Fine Ho, Stay",Flo Milli
The Carnegie Hall Concert,Alice Coltrane
Tigers Blood,Waxahatchee
Glasgow Eyes,The Jesus and Mary Chain
LVL5 P2,Bktherula
Bright Future,Adrianne Lenker
Painting With John (Music From the Original TV Series),John Lurie
Princ​€​ss,Princ​€​ss
Blue Angeles,Haux
Everything I Thought It Was,Justin Timberlake
Deep Sage,Gouge Away
"The ADDENDUM - i was mature for my age, but i was still a child",grouptherapy.
"Fine Ho, Stay",Flo Milli
The Carnegie Hall Concert,Alice Coltrane
Tigers Blood,Waxahatchee
Glasgow Eyes,The Jesus and Mary Chain
LVL5 P2,Bktherula
Bright Future,Adrianne Lenker
Painting With John (Music From the Original TV Series),John Lurie
Princ​€​ss,Princ​€​ss
Blue Angeles,Haux
Everything I Thought It Was,Justin Timberlake
Deep Sage,Gouge Away
"The ADDENDUM - i was mature for my age, but i was still a child",grouptherapy.
"Fine Ho, Stay",Flo Milli
The Carnegie Hall Concert,Alice Coltrane
Tigers Blood,Waxahatchee
Glasgow Eyes,The Jesus and Mary Chain
LVL5 P2,Bktherula
Bright Future,Adrianne Lenker
Painting With John (Music From the Original TV Series),John Lurie
Princ​€​ss,Princ​€​ss
Blue Angeles,Haux
Everything I Thought It Was,Justin Timberlake
Deep Sage,Gouge Away
"The ADDENDUM - i was mature for my age, but i was still a child",grouptherapy.
"Fine Ho, Stay",Flo Milli
The Carnegie Hall Concert,Alice Coltrane
Tigers Blood,Waxahatchee
Glasgow Eyes,The Jesus and Mary Chain
LVL5 P2,Bktherula
Bright Future,Adrianne Lenker
Painting With John (Music From the Original TV Series),John Lurie
Princ​€​ss,Princ​€​ss
Blue Angeles,Haux
Everything I Thought It Was,Justin Timberlake
Deep Sage,Gouge Away
"The ADDENDUM - i was mature for my age, but i was still a child",grouptherapy.
"Fine Ho, Stay",Flo Milli
The Carnegie Hall Concert,Alice Coltrane
Tigers Blood,Waxahatchee
Glasgow Eyes,The Jesus and Mary Chain
LVL5 P2,Bktherula
Bright Future,Adrianne Lenker
Painting With John (Music From the Original TV Series),John Lurie
Princ​€​ss,Princ​€​ss
Blue Angeles,Haux
Everything I Thought It Was,Justin Timberlake
Deep Sage,Gouge Away
"The ADDENDUM - i was mature for my age, but i was still a child",grouptherapy.
"Fine Ho, Stay",Flo Milli
The Carnegie Hall Concert,Alice Coltrane
Tigers Blood,Waxahatchee
Glasgow Eyes,The Jesus and Mary Chain
LVL5 P2,Bktherula
Bright Future,Adrianne Lenker
Painting With John (Music From the Original TV Series),John Lurie
Princ​€​ss,Princ​€​ss
Blue Angeles,Haux
Everything I Thought It Was,Justin Timberlake
Deep Sage,Gouge Away
"The ADDENDUM - i was mature for my age, but i was still a child",grouptherapy.
"Fine Ho, Stay",Flo Milli
The Carnegie Hall Concert,Alice Coltrane
Tigers Blood,Waxahatchee
Glasgow Eyes,The Jesus and Mary Chain
LVL5 P2,Bktherula
Bright Future,Adrianne Lenker
Painting With John (Music From the Original TV Series),John Lurie
Princ​€​ss,Princ​€​ss
Blue Angeles,Haux
Everything I Thought It Was,Justin Timberlake
Deep Sage,Gouge Away
"The ADDENDUM - i was mature for my age, but i was still a child",grouptherapy.
"Fine Ho, Stay",Flo Milli
The Carnegie Hall Concert,Alice Coltrane
Tigers Blood,Waxahatchee
Glasgow Eyes,The Jesus and Mary Chain
LVL5 P2,Bktherula
Bright Future,Adrianne Lenker
Painting With John (Music From the Original TV Series),John Lurie
Princ​€​ss,Princ​€​ss
Blue Angeles,Haux
Everything I Thought It Was,Justin Timberlake
Deep Sage,Gouge Away
"The ADDENDUM - i was mature for my age, but i was still a child",grouptherapy.
"Fine Ho, Stay",Flo Milli
The Carnegie Hall Concert,Alice Coltrane
Tigers Blood,Waxahatchee
Glasgow Eyes,The Jesus and Mary Chain
LVL5 P2,Bktherula
Bright Future,Adrianne Lenker
Painting With John (Music From the Original TV Series),John Lurie
Princ​€​ss,Princ​€​ss
Blue Angeles,Haux
Everything I Thought It Was,Justin Timberlake
Deep Sage,Gouge Away
"The ADDENDUM - i was mature for my age, but i was still a child",grouptherapy.
"Fine Ho, Stay",Flo Milli
The Carnegie Hall Concert,Alice Coltrane
Tigers Blood,Waxahatchee
Glasgow Eyes,The Jesus and Mary Chain
LVL5 P2,Bktherula
Bright Future,Adrianne Lenker
Painting With John (Music From the Original TV Series),John Lurie
Princ​€​ss,Princ​€​ss
Blue Angeles,Haux
Everything I Thought It Was,Justin Timberlake
Deep Sage,Gouge Away
"The ADDENDUM - i was mature for my age, but i was still a child",grouptherapy.
"Fine Ho, Stay",Flo Milli
The Carnegie Hall Concert,Alice Coltrane
Tigers Blood,Waxahatchee
Glasgow Eyes,The Jesus and Mary Chain
LVL5 P2,Bktherula
Bright Future,Adrianne Lenker
Painting With John (Music From the Original TV Series),John Lurie
Princ​€​ss,Princ​€​ss
Blue Angeles,Haux
Everything I Thought It Was,Justin Timberlake
Deep Sage,Gouge Away
"The ADDENDUM - i was mature for my age, but i was still a child",grouptherapy.
"Fine Ho, Stay",Flo Milli
The Carnegie Hall Concert,Alice Coltrane
Tigers Blood,Waxahatchee
Glasgow Eyes,The Jesus and Mary Chain
LVL5 P2,Bktherula
Bright Future,Adrianne Lenker
Painting With John (Music From the Original TV Series),John Lurie
Princ​€​ss,Princ​€​ss
Blue Angeles,Haux
Everything I Thought It Was,Justin Timberlake
Deep Sage,Gouge Away
"The ADDENDUM - i was mature for my age, but i was still a child",grouptherapy.
"Fine Ho, Stay",Flo Milli
The Carnegie Hall Concert,Alice Coltrane
Tigers Blood,Waxahatchee
Glasgow Eyes,The Jesus and Mary Chain
LVL5 P2,Bktherula
Bright Future,Adrianne Lenker
Painting With John (Music From the Original TV Series),John Lurie
Princ​€​ss,Princ​€​ss
Blue Angeles,Haux
Everything I Thought It Was,Justin Timberlake
Deep Sage,Gouge Away
"The ADDENDUM - i was mature for my age, but i was still a child",grouptherapy.
"Fine Ho, Stay",Flo Milli
The Carnegie Hall Concert,Alice Coltrane
Tigers Blood,Waxahatchee
Glasgow Eyes,The Jesus and Mary Chain
LVL5 P2,Bktherula
Bright Future,Adrianne Lenker
Painting With John (Music From the Original TV Series),John Lurie
Princ​€​ss,Princ​€​ss
Blue Angeles,Haux
Everything I Thought It Was,Justin Timberlake
Deep Sage,Gouge Away
"The ADDENDUM - i was mature for my age, but i was still a child",grouptherapy.
"Fine Ho, Stay",Flo Milli
The Carnegie Hall Concert,Alice Coltrane
Tigers Blood,Waxahatchee
Glasgow Eyes,The Jesus and Mary Chain
LVL5 P2,Bktherula
Bright Future,Adrianne Lenker
Painting With John (Music From the Original TV Series),John Lurie
Princ​€​ss,Princ​€​ss
Blue Angeles,Haux
Everything I Thought It Was,Justin Timberlake
Deep Sage,Gouge Away
"The ADDENDUM - i was mature for my age, but i was still a child",grouptherapy.
"Fine Ho, Stay",Flo Milli
The Carnegie Hall Concert,Alice Coltrane
Tigers Blood,Waxahatchee
Glasgow Eyes,The Jesus and Mary Chain
LVL5 P2,Bktherula
Bright Future,Adrianne Lenker
Painting With John (Music From the Original TV Series),John Lurie
Princ​€​ss,Princ​€​ss
Blue Angeles,Haux
Everything I Thought It Was,Justin Timberlake
Deep Sage,Gouge Away
"The ADDENDUM - i was mature for my age, but i was still a child",grouptherapy.
"Fine Ho, Stay",Flo Milli
The Carnegie Hall Concert,Alice Coltrane
Tigers Blood,Waxahatchee
Glasgow Eyes,The Jesus and Mary Chain
LVL5 P2,Bktherula
Bright Future,Adrianne Lenker
Painting With John (Music From the Original TV Series),John Lurie
Princ​€​ss,Princ​€​ss
Blue Angeles,Haux
Everything I Thought It Was,Justin Timberlake
Deep Sage,Gouge Away
"The ADDENDUM - i was mature for my age, but i was still a child",grouptherapy.
"Fine Ho, Stay",Flo Milli
The Carnegie Hall Concert,Alice Coltrane
Tigers Blood,Waxahatchee
Glasgow Eyes,The Jesus and Mary Chain
LVL5 P2,Bktherula
Bright Future,Adrianne Lenker
Painting With John (Music From the Original TV Series),John Lurie
Princ​€​ss,Princ​€​ss
Blue Angeles,Haux
Everything I Thought It Was,Justin Timberlake
Deep Sage,Gouge Away
"The ADDENDUM - i was mature for my age, but i was still a child",grouptherapy.
"Fine Ho, Stay",Flo Milli
The Carnegie Hall Concert,Alice Coltrane
Tigers Blood,Waxahatchee
Glasgow Eyes,The Jesus and Mary Chain
LVL5 P2,Bktherula
Bright Future,Adrianne Lenker
Painting With John (Music From the Original TV Series),John Lurie
Princ​€​ss,Princ​€​ss
Blue Angeles,Haux
Everything I Thought It Was,Justin Timberlake
Deep Sage,Gouge Away
"The ADDENDUM - i was mature for my age, but i was still a child",grouptherapy.
"Fine Ho, Stay",Flo Milli
The Carnegie Hall Concert,Alice Coltrane
Tigers Blood,Waxahatchee
Glasgow Eyes,The Jesus and Mary Chain
LVL5 P2,Bktherula
Bright Future,Adrianne Lenker
Painting With John (Music From the Original TV Series),John Lurie
Princ​€​ss,Princ​€​ss
Blue Angeles,Haux
Everything I Thought It Was,Justin Timberlake
Deep Sage,Gouge Away
"The ADDENDUM - i was mature for my age, but i was still a child",grouptherapy.
"Fine Ho, Stay",Flo Milli
The Carnegie Hall Concert,Alice Coltrane
Tigers Blood,Waxahatchee
Glasgow Eyes,The Jesus and Mary Chain
LVL5 P2,Bktherula
Bright Future,Adrianne Lenker
Painting With John (Music From the Original TV Series),John Lurie
Princ​€​ss,Princ​€​ss
Blue Angeles,Haux
Everything I Thought It Was,Justin Timberlake
Deep Sage,Gouge Away
"The ADDENDUM - i was mature for my age, but i was still a child",grouptherapy.
"Fine Ho, Stay",Flo Milli
The Carnegie Hall Concert,Alice Coltrane
Tigers Blood,Waxahatchee
Glasgow Eyes,The Jesus and Mary Chain
LVL5 P2,Bktherula
Bright Future,Adrianne Lenker
Painting With John (Music From the Original TV Series),John Lurie
Princ​€​ss,Princ​€​ss
Blue Angeles,Haux
Everything I Thought It Was,Justin Timberlake
Deep Sage,Gouge Away
"The ADDENDUM - i was mature for my age, but i was still a child",grouptherapy.
"Fine Ho, Stay",Flo Milli
The Carnegie Hall Concert,Alice Coltrane
Tigers Blood,Waxahatchee
Glasgow Eyes,The Jesus and Mary Chain
LVL5 P2,Bktherula
Bright Future,Adrianne Lenker
Painting With John (Music From the Original TV Series),John Lurie
Princ​€​ss,Princ​€​ss
Blue Angeles,Haux
Everything I Thought It Was,Justin Timberlake
Deep Sage,Gouge Away
"The ADDENDUM - i was mature for my age, but i was still a child",grouptherapy.
"Fine Ho, Stay",Flo Milli
The Carnegie Hall Concert,Alice Coltrane
Tigers Blood,Waxahatchee
Glasgow Eyes,The Jesus and Mary Chain
LVL5 P2,Bktherula
Bright Future,Adrianne Lenker
Painting With John (Music From the Original TV Series),John Lurie
Princ​€​ss,Princ​€​ss
Blue Angeles,Haux
Everything I Thought It Was,Justin Timberlake
Deep Sage,Gouge Away
"The ADDENDUM - i was mature for my age, but i was still a child",grouptherapy.
"Fine Ho, Stay",Flo Milli
The Carnegie Hall Concert,Alice Coltrane
Tigers Blood,Waxahatchee
Glasgow Eyes,The Jesus and Mary Chain
LVL5 P2,Bktherula
Bright Future,Adrianne Lenker
Painting With John (Music From the Original TV Series),John Lurie
Princ​€​ss,Princ​€​ss
Blue Angeles,Haux
Everything I Thought It Was,Justin Timberlake
Deep Sage,Gouge Away
"The ADDENDUM - i was mature for my age, but i was still a child",grouptherapy.
"Fine Ho, Stay",Flo Milli
The Carnegie Hall Concert,Alice Coltrane
Tigers Blood,Waxahatchee
Glasgow Eyes,The Jesus and Mary Chain
LVL5 P2,Bktherula
Bright Future,Adrianne Lenker
Painting With John (Music From the Original TV Series),John Lurie
Princ​€​ss,Princ​€​ss
Blue Angeles,Haux
Everything I Thought It Was,Justin Timberlake
Deep Sage,Gouge Away
"The ADDENDUM - i was mature for my age, but i was still a child",grouptherapy.
"Fine Ho, Stay",Flo Milli
The Carnegie Hall Concert,Alice Coltrane
Tigers Blood,Waxahatchee
Glasgow Eyes,The Jesus and Mary Chain
LVL5 P2,Bktherula
Bright Future,Adrianne Lenker
Painting With John (Music From the Original TV Series),John Lurie
Princ​€​ss,Princ​€​ss
Blue Angeles,Haux
Everything I Thought It Was,Justin Timberlake
Deep Sage,Gouge Away
"The ADDENDUM - i was mature for my age, but i was still a child",grouptherapy.
"Fine Ho, Stay",Flo Milli
The Carnegie Hall Concert,Alice Coltrane
Tigers Blood,Waxahatchee
Glasgow Eyes,The Jesus and Mary Chain
LVL5 P2,Bktherula
Bright Future,Adrianne Lenker
Painting With John (Music From the Original TV Series),John Lurie
Princ​€​ss,Princ​€​ss
Blue Angeles,Haux
Everything I Thought It Was,Justin Timberlake
Deep Sage,Gouge Away
"The ADDENDUM - i was mature for my age, but i was still a child",grouptherapy.
"Fine Ho, Stay",Flo Milli
The Carnegie Hall Concert,Alice Coltrane
Tigers Blood,Waxahatchee
Glasgow Eyes,The Jesus and Mary Chain
LVL5 P2,Bktherula
Bright Future,Adrianne Lenker
Painting With John (Music From the Original TV Series),John Lurie
Princ​€​ss,Princ​€​ss
Blue Angeles,Haux
Everything I Thought It Was,Justin Timberlake
Deep Sage,Gouge Away
"The ADDENDUM - i was mature for my age, but i was still a child",grouptherapy.
"Fine Ho, Stay",Flo Milli
The Carnegie Hall Concert,Alice Coltrane
Tigers Blood,Waxahatchee
Glasgow Eyes,The Jesus and Mary Chain
LVL5 P2,Bktherula
Bright Future,Adrianne Lenker
Painting With John (Music From the Original TV Series),John Lurie
Princ​€​ss,Princ​€​ss
Blue Angeles,Haux
Everything I Thought It Was,Justin Timberlake
Deep Sage,Gouge Away
"The ADDENDUM - i was mature for my age, but i was still a child",grouptherapy.
"Fine Ho, Stay",Flo Milli
The Carnegie Hall Concert,Alice Coltrane
Tigers Blood,Waxahatchee
Glasgow Eyes,The Jesus and Mary Chain
LVL5 P2,Bktherula
Bright Future,Adrianne Lenker
Painting With John (Music From the Original TV Series),John Lurie
Princ​€​ss,Princ​€​ss
Blue Angeles,Haux
Everything I Thought It Was,Justin Timberlake
Deep Sage,Gouge Away
"The ADDENDUM - i was mature for my age, but i was still a child",grouptherapy.
"Fine Ho, Stay",Flo Milli
The Carnegie Hall Concert,Alice Coltrane
Tigers Blood,Waxahatchee
Glasgow Eyes,The Jesus and Mary Chain
LVL5 P2,Bktherula
Bright Future,Adrianne Lenker
Painting With John (Music From the Original TV Series),John Lurie
Princ​€​ss,Princ​€​ss
Blue Angeles,Haux
Everything I Thought It Was,Justin Timberlake
Deep Sage,Gouge Away
"The ADDENDUM - i was mature for my age, but i was still a child",grouptherapy.
"Fine Ho, Stay",Flo Milli
The Carnegie Hall Concert,Alice Coltrane
Tigers Blood,Waxahatchee
Glasgow Eyes,The Jesus and Mary Chain
LVL5 P2,Bktherula
Bright Future,Adrianne Lenker
Painting With John (Music From the Original TV Series),John Lurie
Princ​€​ss,Princ​€​ss
Blue Angeles,Haux
Everything I Thought It Was,Justin Timberlake
Deep Sage,Gouge Away
"The ADDENDUM - i was mature for my age, but i was still a child",grouptherapy.
"Fine Ho, Stay",Flo Milli
The Carnegie Hall Concert,Alice Coltrane
Tigers Blood,Waxahatchee
Glasgow Eyes,The Jesus and Mary Chain
LVL5 P2,Bktherula
Bright Future,Adrianne Lenker
Painting With John (Music From the Original TV Series),John Lurie
Princ​€​ss,Princ​€​ss
Blue Angeles,Haux
Everything I Thought It Was,Justin Timberlake
Deep Sage,Gouge Away
"The ADDENDUM - i was mature for my age, but i was still a child",grouptherapy.
"Fine Ho, Stay",Flo Milli
The Carnegie Hall Concert,Alice Coltrane
Tigers Blood,Waxahatchee
Glasgow Eyes,The Jesus and Mary Chain
LVL5 P2,Bktherula
Bright Future,Adrianne Lenker
Painting With John (Music From the Original TV Series),John Lurie
Princ​€​ss,Princ​€​ss
Blue Angeles,Haux
Everything I Thought It Was,Justin Timberlake
Deep Sage,Gouge Away
"The ADDENDUM - i was mature for my age, but i was still a child",grouptherapy.
"Fine Ho, Stay",Flo Milli
The Carnegie Hall Concert,Alice Coltrane
Tigers Blood,Waxahatchee
Glasgow Eyes,The Jesus and Mary Chain
LVL5 P2,Bktherula
Bright Future,Adrianne Lenker
Painting With John (Music From the Original TV Series),John Lurie
Princ​€​ss,Princ​€​ss
Blue Angeles,Haux
Everything I Thought It Was,Justin Timberlake
Deep Sage,Gouge Away
"The ADDENDUM - i was mature for my age, but i was still a child",grouptherapy.
"Fine Ho, Stay",Flo Milli
The Carnegie Hall Concert,Alice Coltrane
Tigers Blood,Waxahatchee
Glasgow Eyes,The Jesus and Mary Chain
LVL5 P2,Bktherula
Bright Future,Adrianne Lenker
Painting With John (Music From the Original TV Series),John Lurie
Princ​€​ss,Princ​€​ss
Blue Angeles,Haux
Everything I Thought It Was,Justin Timberlake
Deep Sage,Gouge Away
"The ADDENDUM - i was mature for my age, but i was still a child",grouptherapy.
"Fine Ho, Stay",Flo Milli
The Carnegie Hall Concert,Alice Coltrane
Tigers Blood,Waxahatchee
Glasgow Eyes,The Jesus and Mary Chain
LVL5 P2,Bktherula
Bright Future,Adrianne Lenker
Painting With John (Music From the Original TV Series),John Lurie
Princ​€​ss,Princ​€​ss
Blue Angeles,Haux
Everything I Thought It Was,Justin Timberlake
Deep Sage,Gouge Away
"The ADDENDUM - i was mature for my age, but i was still a child",grouptherapy.
"Fine Ho, Stay",Flo Milli
The Carnegie Hall Concert,Alice Coltrane
Tigers Blood,Waxahatchee
Glasgow Eyes,The Jesus and Mary Chain
LVL5 P2,Bktherula
Bright Future,Adrianne Lenker
Painting With John (Music From the Original TV Series),John Lurie
Princ​€​ss,Princ​€​ss
Blue Angeles,Haux
Everything I Thought It Was,Justin Timberlake
Deep Sage,Gouge Away
"The ADDENDUM - i was mature for my age, but i was still a child",grouptherapy.
"Fine Ho, Stay",Flo Milli
The Carnegie Hall Concert,Alice Coltrane
Tigers Blood,Waxahatchee
Glasgow Eyes,The Jesus and Mary Chain
LVL5 P2,Bktherula
Bright Future,Adrianne Lenker
Painting With John (Music From the Original TV Series),John Lurie
Princ​€​ss,Princ​€​ss
Blue Angeles,Haux
Everything I Thought It Was,Justin Timberlake
Deep Sage,Gouge Away
"The ADDENDUM - i was mature for my age, but i was still a child",grouptherapy.
"Fine Ho, Stay",Flo Milli
The Carnegie Hall Concert,Alice Coltrane
Tigers Blood,Waxahatchee
Glasgow Eyes,The Jesus and Mary Chain
LVL5 P2,Bktherula
Bright Future,Adrianne Lenker
Painting With John (Music From the Original TV Series),John Lurie
Princ​€​ss,Princ​€​ss
Blue Angeles,Haux
Everything I Thought It Was,Justin Timberlake
Deep Sage,Gouge Away
"The ADDENDUM - i was mature for my age, but i was still a child",grouptherapy.
"Fine Ho, Stay",Flo Milli
The Carnegie Hall Concert,Alice Coltrane
Tigers Blood,Waxahatchee
Glasgow Eyes,The Jesus and Mary Chain
LVL5 P2,Bktherula
Bright Future,Adrianne Lenker
Painting With John (Music From the Original TV Series),John Lurie
Princ​€​ss,Princ​€​ss
Blue Angeles,Haux
Everything I Thought It Was,Justin Timberlake
Deep Sage,Gouge Away
"The ADDENDUM - i was mature for my age, but i was still a child",grouptherapy.
"Fine Ho, Stay",Flo Milli
The Carnegie Hall Concert,Alice Coltrane
Tigers Blood,Waxahatchee
Glasgow Eyes,The Jesus and Mary Chain
LVL5 P2,Bktherula
Bright Future,Adrianne Lenker
Painting With John (Music From the Original TV Series),John Lurie
Princ​€​ss,Princ​€​ss
Blue Angeles,Haux
Everything I Thought It Was,Justin Timberlake
Deep Sage,Gouge Away
"The ADDENDUM - i was mature for my age, but i was still a child",grouptherapy.
"Fine Ho, Stay",Flo Milli
The Carnegie Hall Concert,Alice Coltrane
Tigers Blood,Waxahatchee
Glasgow Eyes,The Jesus and Mary Chain
LVL5 P2,Bktherula
Bright Future,Adrianne Lenker
Painting With John (Music From the Original TV Series),John Lurie
Princ​€​ss,Princ​€​ss
Blue Angeles,Haux
Everything I Thought It Was,Justin Timberlake
Deep Sage,Gouge Away
"The ADDENDUM - i was mature for my age, but i was still a child",grouptherapy.
"Fine Ho, Stay",Flo Milli
The Carnegie Hall Concert,Alice Coltrane
Tigers Blood,Waxahatchee
Glasgow Eyes,The Jesus and Mary Chain
LVL5 P2,Bktherula
Bright Future,Adrianne Lenker
Painting With John (Music From the Original TV Series),John Lurie
Princ​€​ss,Princ​€​ss
Blue Angeles,Haux
Everything I Thought It Was,Justin Timberlake
Deep Sage,Gouge Away
"The ADDENDUM - i was mature for my age, but i was still a child",grouptherapy.
"Fine Ho, Stay",Flo Milli
The Carnegie Hall Concert,Alice Coltrane
Tigers Blood,Waxahatchee
Glasgow Eyes,The Jesus and Mary Chain
LVL5 P2,Bktherula
Bright Future,Adrianne Lenker
Painting With John (Music From the Original TV Series),John Lurie
Princ​€​ss,Princ​€​ss
Blue Angeles,Haux
Everything I Thought It Was,Justin Timberlake
Deep Sage,Gouge Away
"The ADDENDUM - i was mature for my age, but i was still a child",grouptherapy.
"Fine Ho, Stay",Flo Milli
The Carnegie Hall Concert,Alice Coltrane
Tigers Blood,Waxahatchee
Glasgow Eyes,The Jesus and Mary Chain
LVL5 P2,Bktherula
Bright Future,Adrianne Lenker
Painting With John (Music From the Original TV Series),John Lurie
Princ​€​ss,Princ​€​ss
Blue Angeles,Haux
Everything I Thought It Was,Justin Timberlake
Deep Sage,Gouge Away
"The ADDENDUM - i was mature for my age, but i was still a child",grouptherapy.
"Fine Ho, Stay",Flo Milli
The Carnegie Hall Concert,Alice Coltrane
Tigers Blood,Waxahatchee
Glasgow Eyes,The Jesus and Mary Chain
LVL5 P2,Bktherula
Bright Future,Adrianne Lenker
Painting With John (Music From the Original TV Series),John Lurie
Princ​€​ss,Princ​€​ss
Blue Angeles,Haux
Everything I Thought It Was,Justin Timberlake
Deep Sage,Gouge Away
"The ADDENDUM - i was mature for my age, but i was still a child",grouptherapy.
"Fine Ho, Stay",Flo Milli
The Carnegie Hall Concert,Alice Coltrane
Tigers Blood,Waxahatchee
Glasgow Eyes,The Jesus and Mary Chain
LVL5 P2,Bktherula
Bright Future,Adrianne Lenker
Painting With John (Music From the Original TV Series),John Lurie
Princ​€​ss,Princ​€​ss
Blue Angeles,Haux
Everything I Thought It Was,Justin Timberlake
Deep Sage,Gouge Away
"The ADDENDUM - i was mature for my age, but i was still a child",grouptherapy.
"Fine Ho, Stay",Flo Milli
The Carnegie Hall Concert,Alice Coltrane
Tigers Blood,Waxahatchee
Glasgow Eyes,The Jesus and Mary Chain
LVL5 P2,Bktherula
Bright Future,Adrianne Lenker
Painting With John (Music From the Original TV Series),John Lurie
Princ​€​ss,Princ​€​ss
Blue Angeles,Haux
Everything I Thought It Was,Justin Timberlake
Deep Sage,Gouge Away
"The ADDENDUM - i was mature for my age, but i was still a child",grouptherapy.
"Fine Ho, Stay",Flo Milli
The Carnegie Hall Concert,Alice Coltrane
Tigers Blood,Waxahatchee
Glasgow Eyes,The Jesus and Mary Chain
LVL5 P2,Bktherula
Bright Future,Adrianne Lenker
Painting With John (Music From the Original TV Series),John Lurie
Princ​€​ss,Princ​€​ss
Blue Angeles,Haux
Everything I Thought It Was,Justin Timberlake
Deep Sage,Gouge Away
"The ADDENDUM - i was mature for my age, but i was still a child",grouptherapy.
"Fine Ho, Stay",Flo Milli
The Carnegie Hall Concert,Alice Coltrane
Tigers Blood,Waxahatchee
Glasgow Eyes,The Jesus and Mary Chain
LVL5 P2,Bktherula
Bright Future,Adrianne Lenker
Painting With John (Music From the Original TV Series),John Lurie
Princ​€​ss,Princ​€​ss
Blue Angeles,Haux
Everything I Thought It Was,Justin Timberlake
Deep Sage,Gouge Away
"The ADDENDUM - i was mature for my age, but i was still a child",grouptherapy.
"Fine Ho, Stay",Flo Milli
The Carnegie Hall Concert,Alice Coltrane
Tigers Blood,Waxahatchee
Glasgow Eyes,The Jesus and Mary Chain
LVL5 P2,Bktherula
Bright Future,Adrianne Lenker
Painting With John (Music From the Original TV Series),John Lurie
Princ​€​ss,Princ​€​ss
Blue Angeles,Haux
Everything I Thought It Was,Justin Timberlake
Deep Sage,Gouge Away
"The ADDENDUM - i was mature for my age, but i was still a child",grouptherapy.
"Fine Ho, Stay",Flo Milli
The Carnegie Hall Concert,Alice Coltrane
Tigers Blood,Waxahatchee
Glasgow Eyes,The Jesus and Mary Chain
LVL5 P2,Bktherula
Bright Future,Adrianne Lenker
Painting With John (Music From the Original TV Series),John Lurie
Princ​€​ss,Princ​€​ss
Blue Angeles,Haux
Everything I Thought It Was,Justin Timberlake
Deep Sage,Gouge Away
"The ADDENDUM - i was mature for my age, but i was still a child",grouptherapy.
"Fine Ho, Stay",Flo Milli
The Carnegie Hall Concert,Alice Coltrane
Tigers Blood,Waxahatchee
Glasgow Eyes,The Jesus and Mary Chain
LVL5 P2,Bktherula
Bright Future,Adrianne Lenker
Painting With John (Music From the Original TV Series),John Lurie
Princ​€​ss,Princ​€​ss
Blue Angeles,Haux
Everything I Thought It Was,Justin Timberlake
Deep Sage,Gouge Away
"The ADDENDUM - i was mature for my age, but i was still a child",grouptherapy.
"Fine Ho, Stay",Flo Milli
The Carnegie Hall Concert,Alice Coltrane
Tigers Blood,Waxahatchee
Glasgow Eyes,The Jesus and Mary Chain
LVL5 P2,Bktherula
Bright Future,Adrianne Lenker
Painting With John (Music From the Original TV Series),John Lurie
Princ​€​ss,Princ​€​ss
Blue Angeles,Haux
Everything I Thought It Was,Justin Timberlake
Deep Sage,Gouge Away
"The ADDENDUM - i was mature for my age, but i was still a child",grouptherapy.
"Fine Ho, Stay",Flo Milli
The Carnegie Hall Concert,Alice Coltrane
Tigers Blood,Waxahatchee
Glasgow Eyes,The Jesus and Mary Chain
LVL5 P2,Bktherula
Bright Future,Adrianne Lenker
Painting With John (Music From the Original TV Series),John Lurie
Princ​€​ss,Princ​€​ss
Blue Angeles,Haux
Everything I Thought It Was,Justin Timberlake
Deep Sage,Gouge Away
"The ADDENDUM - i was mature for my age, but i was still a child",grouptherapy.
"Fine Ho, Stay",Flo Milli
The Carnegie Hall Concert,Alice Coltrane
Tigers Blood,Waxahatchee
Glasgow Eyes,The Jesus and Mary Chain
LVL5 P2,Bktherula
Bright Future,Adrianne Lenker
Painting With John (Music From the Original TV Series),John Lurie
Princ​€​ss,Princ​€​ss
Blue Angeles,Haux
Everything I Thought It Was,Justin Timberlake
Deep Sage,Gouge Away
"The ADDENDUM - i was mature for my age, but i was still a child",grouptherapy.
"Fine Ho, Stay",Flo Milli
The Carnegie Hall Concert,Alice Coltrane
Tigers Blood,Waxahatchee
Glasgow Eyes,The Jesus and Mary Chain
LVL5 P2,Bktherula
Bright Future,Adrianne Lenker
Painting With John (Music From the Original TV Series),John Lurie
Princ​€​ss,Princ​€​ss
Blue Angeles,Haux
Everything I Thought It Was,Justin Timberlake
Deep Sage,Gouge Away
"The ADDENDUM - i was mature for my age, but i was still a child",grouptherapy.
"Fine Ho, Stay",Flo Milli
The Carnegie Hall Concert,Alice Coltrane
Tigers Blood,Waxahatchee
Glasgow Eyes,The Jesus and Mary Chain
LVL5 P2,Bktherula
Bright Future,Adrianne Lenker
Painting With John (Music From the Original TV Series),John Lurie
Princ​€​ss,Princ​€​ss
Blue Angeles,Haux
Everything I Thought It Was,Justin Timberlake
Deep Sage,Gouge Away
"The ADDENDUM - i was mature for my age, but i was still a child",grouptherapy.
"Fine Ho, Stay",Flo Milli
